Date,Amount
1991-02-08,948.0
1991-02-15,948.0
1991-02-22,1026.0
1991-03-01,1026.0
1991-03-08,691.0
1991-03-15,691.0
1991-03-22,691.0
1991-03-29,691.0
1991-04-05,627.0
1991-04-12,627.0
1991-04-19,627.0
1991-04-26,627.0
1991-05-03,638.0
1991-05-10,638.0
1991-05-17,638.0
1991-05-24,638.0
1991-05-31,638.0
1991-06-07,750.0
1991-06-14,750.0
1991-06-21,750.0
1991-06-28,750.0
1991-07-05,652.0
1991-07-12,652.0
1991-07-19,652.0
1991-07-26,652.0
1991-08-02,750.0
1991-08-09,750.0
1991-08-16,750.0
1991-08-23,750.0
1991-08-30,750.0
1991-09-06,652.0
1991-09-13,652.0
1991-09-20,652.0
1991-09-27,652.0
1991-10-04,757.0
1991-10-11,757.0
1991-10-18,757.0
1991-10-25,754.0
1991-11-01,754.0
1991-11-08,731.0
1991-11-15,731.0
1991-11-22,731.0
1991-11-29,762.0
1991-12-06,743.0
1991-12-13,743.0
1991-12-20,743.0
1991-12-27,786.0
1992-01-03,716.0
1992-01-10,716.0
1992-01-17,716.0
1992-01-24,749.0
1992-01-31,749.0
1992-02-07,749.0
1992-02-14,749.0
1992-02-21,749.0
1992-02-28,755.0
1992-03-06,802.0
1992-03-13,802.0
1992-03-20,802.0
1992-03-27,919.0
1992-04-03,840.0
1992-04-10,840.0
1992-04-17,840.0
1992-04-24,803.0
1992-05-01,803.0
1992-05-08,734.0
1992-05-15,734.0
1992-05-22,734.0
1992-05-29,734.0
1992-06-05,729.0
1992-06-12,729.0
1992-06-19,729.0
1992-06-26,741.0
1992-07-03,732.0
1992-07-10,732.0
1992-07-17,732.0
1992-07-24,747.0
1992-07-31,747.0
1992-08-07,735.0
1992-08-14,735.0
1992-08-21,735.0
1992-08-28,762.0
1992-09-04,762.0
1992-09-11,762.0
1992-09-18,762.0
1992-09-25,782.0
1992-10-02,824.0
1992-10-09,824.0
1992-10-16,824.0
1992-10-23,842.0
1992-10-30,842.0
1992-11-06,789.0
1992-11-13,789.0
1992-11-20,789.0
1992-11-27,768.0
1992-12-04,819.0
1992-12-11,819.0
1992-12-18,819.0
1992-12-25,829.0
1993-01-01,829.0
1993-01-08,875.0
1993-01-15,875.0
1993-01-22,875.0
1993-01-29,874.0
1993-02-05,791.0
1993-02-12,791.0
1993-02-19,791.0
1993-02-26,824.0
1993-03-05,803.0
1993-03-12,803.0
1993-03-19,803.0
1993-03-26,803.0
1993-04-02,770.0
1993-04-09,770.0
1993-04-16,770.0
1993-04-23,770.0
1993-04-30,759.0
1993-05-07,744.0
1993-05-14,744.0
1993-05-21,744.0
1993-05-28,744.0
1993-06-04,784.0
1993-06-11,784.0
1993-06-18,784.0
1993-06-25,796.0
1993-07-02,746.0
1993-07-09,746.0
1993-07-16,746.0
1993-07-23,740.5
1993-07-30,735.0
1993-08-06,737.0
1993-08-13,737.0
1993-08-20,737.0
1993-08-27,704.0
1993-09-03,759.0
1993-09-10,759.0
1993-09-17,778.0
1993-09-24,778.0
1993-10-01,807.0
1993-10-08,758.0
1993-10-15,758.0
1993-10-22,748.0
1993-10-29,748.0
1993-11-05,746.0
1993-11-12,746.0
1993-11-19,746.0
1993-11-26,751.0
1993-12-03,757.0
1993-12-10,757.0
1993-12-17,757.0
1993-12-24,749.0
1993-12-31,749.0
1994-01-07,761.0
1994-01-14,761.0
1994-01-21,761.0
1994-01-28,790.0
1994-02-04,764.0
1994-02-11,764.0
1994-02-18,764.0
1994-02-25,821.0
1994-03-04,769.0
1994-03-11,769.0
1994-03-18,769.0
1994-03-25,769.0
1994-04-01,747.0
1994-04-08,770.0
1994-04-15,770.0
1994-04-22,770.0
1994-04-29,778.0
1994-05-06,784.0
1994-05-13,784.0
1994-05-20,784.0
1994-05-27,812.0
1994-06-03,786.0
1994-06-10,786.0
1994-06-17,786.0
1994-06-24,786.0
1994-07-01,774.0
1994-07-08,755.0
1994-07-15,755.0
1994-07-22,755.0
1994-07-29,764.0
1994-08-05,794.0
1994-08-12,794.0
1994-08-19,794.0
1994-08-26,793.0
1994-09-02,803.0
1994-09-09,803.0
1994-09-16,803.0
1994-09-23,803.0
1994-09-30,810.0
1994-10-07,792.0
1994-10-14,792.0
1994-10-21,792.0
1994-10-28,825.0
1994-11-04,809.0
1994-11-11,809.0
1994-11-18,809.0
1994-11-25,809.0
1994-12-02,825.0
1994-12-09,825.0
1994-12-16,825.0
1994-12-23,825.0
1994-12-30,839.0
1995-01-06,824.0
1995-01-13,824.0
1995-01-20,824.0
1995-01-27,860.0
1995-02-03,806.0
1995-02-10,806.0
1995-02-17,806.0
1995-02-24,806.0
1995-03-03,893.0
1995-03-10,893.0
1995-03-17,893.0
1995-03-24,893.0
1995-03-31,883.0
1995-04-07,859.0
1995-04-14,859.0
1995-04-21,859.0
1995-04-28,905.0
1995-05-05,869.0
1995-05-12,869.0
1995-05-19,869.0
1995-05-26,837.0
1995-06-02,841.0
1995-06-09,841.0
1995-06-16,841.0
1995-06-23,841.0
1995-06-30,835.0
1995-07-07,817.0
1995-07-14,817.0
1995-07-21,817.0
1995-07-28,819.0
1995-08-04,753.0
1995-08-11,753.0
1995-08-18,753.0
1995-08-25,753.0
1995-09-01,701.0
1995-09-08,762.0
1995-09-15,762.0
1995-09-22,762.0
1995-09-29,792.0
1995-10-06,740.0
1995-10-13,740.0
1995-10-20,740.0
1995-10-27,639.0
1995-11-03,743.0
1995-11-10,743.0
1995-11-17,743.0
1995-11-24,743.0
1995-12-01,758.0
1995-12-08,760.0
1995-12-15,760.0
1995-12-22,760.0
1995-12-29,760.0
1996-01-05,847.0
1996-01-12,867.0
1996-01-19,867.0
1996-01-26,867.0
1996-02-02,867.0
1996-02-09,837.0
1996-02-16,837.0
1996-02-23,837.0
1996-03-01,837.0
1996-03-08,834.0
1996-03-15,834.0
1996-03-22,834.0
1996-03-29,834.0
1996-04-05,877.0
1996-04-12,877.0
1996-04-19,877.0
1996-04-26,877.0
1996-05-03,844.0
1996-05-10,844.0
1996-05-17,844.0
1996-05-24,818.0
1996-05-31,818.0
1996-06-07,848.0
1996-06-14,848.0
1996-06-21,848.0
1996-06-28,828.0
1996-07-05,821.0
1996-07-12,821.0
1996-07-19,821.0
1996-07-26,828.0
1996-08-02,802.0
1996-08-09,802.0
1996-08-16,799.0
1996-08-23,799.0
1996-08-30,778.0
1996-09-06,785.0
1996-09-13,785.0
1996-09-20,785.0
1996-09-27,796.0
1996-10-04,820.0
1996-10-11,816.0
1996-10-18,816.0
1996-10-25,816.0
1996-11-01,841.0
1996-11-08,847.0
1996-11-15,847.0
1996-11-22,847.0
1996-11-29,847.0
1996-12-06,919.0
1996-12-13,921.0
1996-12-20,921.0
1996-12-27,921.0
1997-01-03,885.0
1997-01-10,885.0
1997-01-17,885.0
1997-01-24,885.0
1997-01-31,880.0
1997-02-07,848.0
1997-02-14,848.0
1997-02-21,844.0
1997-02-28,830.0
1997-03-07,886.0
1997-03-14,886.0
1997-03-21,885.0
1997-03-28,893.0
1997-04-04,853.0
1997-04-11,853.0
1997-04-18,853.0
1997-04-25,852.0
1997-05-02,844.0
1997-05-09,844.0
1997-05-16,844.0
1997-05-23,844.0
1997-05-30,838.0
1997-06-06,779.0
1997-06-13,779.0
1997-06-20,779.0
1997-06-27,779.0
1997-07-04,779.0
1997-07-11,779.0
1997-07-18,779.0
1997-07-25,779.0
1997-08-01,788.0
1997-08-08,782.0
1997-08-15,782.0
1997-08-22,782.0
1997-08-29,782.0
1997-09-05,885.0
1997-09-12,885.0
1997-09-19,885.0
1997-09-26,867.0
1997-10-03,865.0
1997-10-10,865.0
1997-10-17,865.0
1997-10-24,865.0
1997-10-31,874.0
1997-11-07,863.0
1997-11-14,863.0
1997-11-21,863.0
1997-11-28,863.0
1997-12-05,878.0
1997-12-12,878.0
1997-12-19,878.0
1997-12-26,878.0
1998-01-02,878.0
1998-01-09,801.0
1998-01-16,801.0
1998-01-23,801.0
1998-01-30,801.0
1998-02-06,850.0
1998-02-13,850.0
1998-02-20,850.0
1998-02-27,850.0
1998-03-06,850.0
1998-03-13,850.0
1998-03-20,850.0
1998-03-27,850.0
1998-04-03,851.0
1998-04-10,852.0
1998-04-17,852.0
1998-04-24,852.0
1998-05-01,836.0
1998-05-08,833.0
1998-05-15,833.0
1998-05-22,833.0
1998-05-29,833.0
1998-06-05,832.0
1998-06-12,832.0
1998-06-19,832.0
1998-06-26,832.0
1998-07-03,858.0
1998-07-10,858.0
1998-07-17,855.0
1998-07-24,855.0
1998-07-31,849.0
1998-08-07,860.0
1998-08-14,859.0
1998-08-21,859.0
1998-08-28,860.0
1998-09-04,878.0
1998-09-11,878.0
1998-09-18,878.0
1998-09-25,878.0
1998-10-02,905.0
1998-10-09,905.0
1998-10-16,905.0
1998-10-23,905.0
1998-10-30,905.0
1998-11-06,880.0
1998-11-13,880.0
1998-11-20,880.0
1998-11-27,880.0
1998-12-04,918.0
1998-12-11,918.0
1998-12-18,918.0
1998-12-25,918.0
1999-01-01,918.0
1999-01-08,883.0
1999-01-15,883.0
1999-01-22,883.0
1999-01-29,883.0
1999-02-05,825.0
1999-02-12,825.0
1999-02-19,825.0
1999-02-26,825.0
1999-03-05,849.0
1999-03-12,849.0
1999-03-19,849.0
1999-03-26,849.0
1999-04-02,849.0
1999-04-09,882.0
1999-04-16,882.0
1999-04-23,882.0
1999-04-30,882.0
1999-05-07,882.0
1999-05-14,850.0
1999-05-21,850.0
1999-05-28,850.0
1999-06-04,854.0
1999-06-11,854.0
1999-06-18,854.0
1999-06-25,854.0
1999-07-02,856.0
1999-07-09,856.0
1999-07-16,856.0
1999-07-23,856.0
1999-07-30,856.0
1999-08-06,876.0
1999-08-13,876.0
1999-08-20,876.0
1999-08-27,876.0
1999-09-03,876.0
1999-09-10,856.0
1999-09-17,856.0
1999-09-24,856.0
1999-10-01,856.0
1999-10-08,831.0
1999-10-15,831.0
1999-10-22,831.0
1999-10-29,831.0
1999-11-05,831.0
1999-11-12,816.0
1999-11-19,816.0
1999-11-26,816.0
1999-12-03,860.0
1999-12-10,860.0
1999-12-17,860.0
1999-12-24,860.0
1999-12-31,860.0
2000-01-07,854.0
2000-01-14,854.0
2000-01-21,854.0
2000-01-28,854.0
2000-02-04,854.0
2000-02-11,845.0
2000-02-18,845.0
2000-02-25,845.0
2000-03-03,845.0
2000-03-10,895.0
2000-03-17,895.0
2000-03-24,895.0
2000-03-31,895.0
2000-04-07,873.0
2000-04-14,873.0
2000-04-21,873.0
2000-04-28,873.0
2000-05-05,861.0
2000-05-12,861.0
2000-05-19,861.0
2000-05-26,861.0
2000-06-02,885.0
2000-06-09,885.0
2000-06-16,885.0
2000-06-23,885.0
2000-06-30,896.0
2000-07-07,892.0
2000-07-14,892.0
2000-07-21,892.0
2000-07-28,892.0
2000-08-04,895.0
2000-08-11,895.0
2000-08-18,895.0
2000-08-25,895.0
2000-09-01,896.0
2000-09-08,901.0
2000-09-15,901.0
2000-09-22,901.0
2000-09-29,901.0
2000-10-06,899.0
2000-10-13,899.0
2000-10-20,899.0
2000-10-27,899.0
2000-11-03,873.0
2000-11-10,873.0
2000-11-17,873.0
2000-11-24,873.0
2000-12-01,883.0
2000-12-08,885.0
2000-12-15,885.0
2000-12-22,885.0
2000-12-29,885.0
2001-01-05,915.0
2001-01-12,915.0
2001-01-19,915.0
2001-01-26,915.0
2001-02-02,899.0
2001-02-09,899.0
2001-02-16,899.0
2001-02-23,899.0
2001-03-02,899.0
2001-03-09,905.0
2001-03-16,905.0
2001-03-23,905.0
2001-03-30,907.0
2001-04-06,896.0
2001-04-13,896.0
2001-04-20,896.0
2001-04-27,896.0
2001-05-04,881.0
2001-05-11,881.0
2001-05-18,880.0
2001-05-25,880.0
2001-06-01,880.0
2001-06-08,881.0
2001-06-15,881.0
2001-06-22,881.0
2001-06-29,881.0
2001-07-06,880.0
2001-07-13,880.0
2001-07-20,880.0
2001-07-27,880.0
2001-08-03,947.0
2001-08-10,947.0
2001-08-17,947.0
2001-08-24,947.0
2001-08-31,948.0
2001-09-07,941.0
2001-09-14,941.0
2001-09-21,941.0
2001-09-28,941.0
2001-10-05,948.0
2001-10-12,948.0
2001-10-19,948.0
2001-10-26,948.0
2001-11-02,947.0
2001-11-09,947.0
2001-11-16,947.0
2001-11-23,947.0
2001-11-30,899.0
2001-12-07,895.0
2001-12-14,895.0
2001-12-21,895.0
2001-12-28,895.0
2002-01-04,861.0
2002-01-11,861.0
2002-01-18,861.0
2002-01-25,861.0
2002-02-01,919.0
2002-02-08,896.0
2002-02-15,896.0
2002-02-22,896.0
2002-03-01,896.0
2002-03-08,896.0
2002-03-15,896.0
2002-03-22,896.0
2002-03-29,896.0
2002-04-05,938.0
2002-04-12,938.0
2002-04-19,938.0
2002-04-26,938.0
2002-05-03,931.0
2002-05-10,931.0
2002-05-17,931.0
2002-05-24,931.0
2002-05-31,922.0
2002-06-07,934.0
2002-06-14,934.0
2002-06-21,934.0
2002-06-28,934.0
2002-07-05,934.0
2002-07-12,959.0
2002-07-19,959.0
2002-07-26,959.0
2002-08-02,954.0
2002-08-09,954.0
2002-08-16,954.0
2002-08-23,954.0
2002-08-30,908.0
2002-09-06,902.0
2002-09-13,902.0
2002-09-20,902.0
2002-09-27,902.0
2002-10-04,928.0
2002-10-11,928.0
2002-10-18,928.0
2002-10-25,928.0
2002-11-01,977.0
2002-11-08,959.0
2002-11-15,959.0
2002-11-22,959.0
2002-11-29,959.0
2002-12-06,1013.0
2002-12-13,1013.0
2002-12-20,1013.0
2002-12-27,1013.0
2003-01-03,946.0
2003-01-10,946.0
2003-01-17,946.0
2003-01-24,946.0
2003-01-31,876.0
2003-02-07,893.0
2003-02-14,893.0
2003-02-21,893.0
2003-02-28,893.0
2003-03-07,973.0
2003-03-14,971.0
2003-03-21,971.0
2003-03-28,971.0
2003-04-04,963.0
2003-04-11,963.0
2003-04-18,963.0
2003-04-25,963.0
2003-05-02,950.0
2003-05-09,950.0
2003-05-16,950.0
2003-05-23,950.0
2003-05-30,958.0
2003-06-06,966.0
2003-06-13,966.0
2003-06-20,966.0
2003-06-27,962.0
2003-07-04,952.0
2003-07-11,952.0
2003-07-18,952.0
2003-07-25,952.0
2003-08-01,971.0
2003-08-08,961.0
2003-08-15,961.0
2003-08-22,961.0
2003-08-29,974.0
2003-09-05,952.0
2003-09-12,952.0
2003-09-19,952.0
2003-09-26,942.0
2003-10-03,966.0
2003-10-10,966.0
2003-10-17,966.0
2003-10-24,966.0
2003-10-31,938.0
2003-11-07,921.0
2003-11-14,899.0
2003-11-21,889.0
2003-11-28,864.0
2003-12-05,978.0
2003-12-12,978.0
2003-12-19,978.0
2003-12-26,978.0
2004-01-02,978.0
2004-01-09,984.0
2004-01-16,984.0
2004-01-23,984.0
2004-01-30,964.0
2004-02-06,922.0
2004-02-13,922.0
2004-02-20,922.0
2004-02-27,922.0
2004-03-05,974.0
2004-03-12,974.0
2004-03-19,974.0
2004-03-26,974.0
2004-04-02,974.0
2004-04-09,957.0
2004-04-16,957.0
2004-04-23,957.0
2004-04-30,957.0
2004-05-07,958.0
2004-05-14,947.0
2004-05-21,947.0
2004-05-28,947.0
2004-06-04,936.0
2004-06-11,936.0
2004-06-18,936.0
2004-06-25,949.0
2004-07-02,926.0
2004-07-09,926.0
2004-07-16,926.0
2004-07-23,926.0
2004-07-30,973.0
2004-08-06,978.0
2004-08-13,978.0
2004-08-20,981.0
2004-08-27,981.0
2004-09-03,981.0
2004-09-10,981.0
2004-09-17,983.0
2004-09-24,959.0
2004-10-01,959.0
2004-10-08,1028.0
2004-10-15,1028.0
2004-10-22,1021.0
2004-10-29,1021.0
2004-11-05,988.0
2004-11-12,988.0
2004-11-19,955.0
2004-11-26,955.0
2004-12-03,914.0
2004-12-10,967.0
2004-12-17,973.0
2004-12-24,973.0
2004-12-31,973.0
2005-01-07,973.0
2005-01-14,973.0
2005-01-21,973.0
2005-01-28,973.0
2005-02-04,979.0
2005-02-11,979.0
2005-02-18,1075.0
2005-02-25,1025.0
2005-03-04,1002.0
2005-03-11,1002.0
2005-03-18,1002.0
2005-03-25,986.0
2005-04-01,986.0
2005-04-08,931.0
2005-04-15,931.0
2005-04-22,956.0
2005-04-29,1009.0
2005-05-06,995.0
2005-05-13,1028.0
2005-05-20,1078.0
2005-05-27,1119.0
2005-06-03,1140.0
2005-06-10,1140.0
2005-06-17,1140.0
2005-06-24,1140.0
2005-07-01,1119.0
2005-07-08,1076.0
2005-07-15,1076.0
2005-07-22,1076.0
2005-07-29,1111.0
2005-08-05,1104.0
2005-08-12,1171.0
2005-08-19,1191.0
2005-08-26,1136.0
2005-09-02,1136.0
2005-09-09,1080.0
2005-09-16,1080.0
2005-09-23,1080.0
2005-09-30,923.0
2005-10-07,914.0
2005-10-14,824.0
2005-10-21,824.0
2005-10-28,824.0
2005-11-04,827.0
2005-11-11,828.0
2005-11-18,828.0
2005-11-25,828.0
2005-12-02,887.0
2005-12-09,873.0
2005-12-16,873.0
2005-12-23,873.0
2005-12-30,854.0
2006-01-06,869.0
2006-01-13,869.0
2006-01-20,869.0
2006-01-27,923.0
2006-02-03,923.0
2006-02-10,923.0
2006-02-17,923.0
2006-02-24,923.0
2006-03-03,1017.0
2006-03-10,1017.0
2006-03-17,1017.0
2006-03-24,1017.0
2006-03-31,1060.0
2006-04-07,1071.0
2006-04-14,1071.0
2006-04-21,1071.0
2006-04-28,1021.0
2006-05-05,1089.0
2006-05-12,1089.0
2006-05-19,1089.0
2006-05-26,1089.0
2006-06-02,1120.0
2006-06-09,1120.0
2006-06-16,1120.0
2006-06-23,1120.0
2006-06-30,1212.0
2006-07-07,1218.0
2006-07-14,1218.0
2006-07-21,1218.0
2006-07-28,1218.0
2006-08-04,1112.0
2006-08-11,1112.0
2006-08-18,1112.0
2006-08-25,1112.0
2006-09-01,1250.0
2006-09-08,1168.0
2006-09-15,1168.0
2006-09-22,1168.0
2006-09-29,1268.0
2006-10-06,1167.0
2006-10-13,1267.0
2006-10-20,1267.0
2006-10-27,1267.0
2006-11-03,1304.0
2006-11-10,1304.0
2006-11-17,1304.0
2006-11-24,1304.0
2006-12-01,1275.0
2006-12-08,1262.0
2006-12-15,1262.0
2006-12-22,1262.0
2006-12-29,1262.0
2007-01-05,1222.0
2007-01-12,1222.0
2007-01-19,1222.0
2007-01-26,1222.0
2007-02-02,1222.0
2007-02-09,1227.0
2007-02-16,1227.0
2007-02-23,1227.0
2007-03-02,1184.0
2007-03-09,1184.0
2007-03-16,1184.0
2007-03-23,1184.0
2007-03-30,1184.0
2007-04-06,1199.0
2007-04-13,1199.0
2007-04-20,1199.0
2007-04-27,1199.0
2007-05-04,1199.0
2007-05-11,1179.0
2007-05-18,1179.0
2007-05-25,1179.0
2007-06-01,1224.0
2007-06-08,1234.0
2007-06-15,1234.0
2007-06-22,1234.0
2007-06-29,1218.0
2007-07-06,1168.0
2007-07-13,1168.0
2007-07-20,1168.0
2007-07-27,1168.0
2007-08-03,1205.0
2007-08-10,1205.0
2007-08-17,1205.0
2007-08-24,1205.0
2007-08-31,1155.0
2007-09-07,1165.0
2007-09-14,1165.0
2007-09-21,1165.0
2007-09-28,1165.0
2007-10-05,1200.0
2007-10-12,1200.0
2007-10-19,1200.0
2007-10-26,1200.0
2007-11-02,1247.0
2007-11-09,1247.0
2007-11-16,1247.0
2007-11-23,1247.0
2007-11-30,1247.0
2007-12-07,1226.0
2007-12-14,1226.0
2007-12-21,1226.0
2007-12-28,1226.0
2008-01-04,1226.0
2008-01-11,1212.0
2008-01-18,1212.0
2008-01-25,1212.0
2008-02-01,1329.0
2008-02-08,1318.0
2008-02-15,1318.0
2008-02-22,1318.0
2008-02-29,1318.0
2008-03-07,1256.0
2008-03-14,1256.0
2008-03-21,1256.0
2008-03-28,1256.0
2008-04-04,1323.0
2008-04-11,1323.0
2008-04-18,1323.0
2008-04-25,1323.0
2008-05-02,1409.0
2008-05-09,1409.0
2008-05-16,1409.0
2008-05-23,1409.0
2008-05-30,1502.0
2008-06-06,1417.0
2008-06-13,1417.0
2008-06-20,1417.0
2008-06-27,1417.0
2008-07-04,1417.0
2008-07-11,1424.0
2008-07-18,1424.0
2008-07-25,1424.0
2008-08-01,1517.0
2008-08-08,1474.0
2008-08-15,1474.0
2008-08-22,1474.0
2008-08-29,1337.0
2008-09-05,1305.0
2008-09-12,1305.0
2008-09-19,1305.0
2008-09-26,1305.0
2008-10-03,1484.0
2008-10-10,1484.0
2008-10-17,1484.0
2008-10-24,1484.0
2008-10-31,1568.0
2008-11-07,1545.0
2008-11-14,1745.0
2008-11-21,1745.0
2008-11-28,1745.0
2008-12-05,1367.0
2008-12-12,1367.0
2008-12-19,1367.0
2008-12-26,1367.0
2009-01-02,1367.0
2009-01-09,1486.0
2009-01-16,1486.0
2009-01-23,1486.0
2009-01-30,1486.0
2009-02-06,1486.0
2009-02-13,1566.0
2009-02-20,1566.0
2009-02-27,1566.0
2009-03-06,1622.0
2009-03-13,1622.0
2009-03-20,1622.0
2009-03-27,1622.0
2009-04-03,1705.0
2009-04-10,1705.0
2009-04-17,1705.0
2009-04-24,1795.0
2009-05-01,1795.0
2009-05-08,1795.0
2009-05-15,1820.0
2009-05-22,1820.0
2009-05-29,1820.0
2009-06-05,1820.0
2009-06-12,1833.0
2009-06-19,1833.0
2009-06-26,1833.0
2009-07-03,1833.0
2009-07-10,1863.0
2009-07-17,1863.0
2009-07-24,1863.0
2009-07-31,1863.0
2009-08-07,1863.0
2009-08-14,1815.0
2009-08-21,1815.0
2009-08-28,1815.0
2009-09-04,1815.0
2009-09-11,1867.0
2009-09-18,1867.0
2009-09-25,1867.0
2009-10-02,1867.0
2009-10-09,1859.0
2009-10-16,1859.0
2009-10-23,1859.0
2009-10-30,1859.0
2009-11-06,1859.0
2009-11-13,1920.0
2009-11-20,1920.0
2009-11-27,1920.0
2009-12-04,1920.0
2009-12-11,1913.0
2009-12-18,1913.0
2009-12-25,1913.0
2010-01-01,1913.0
2010-01-08,1913.0
2010-01-15,1647.0
2010-01-22,1647.0
2010-01-29,1647.0
2010-02-05,1647.0
2010-02-12,1679.0
2010-02-19,1679.0
2010-02-26,1679.0
2010-03-05,1679.0
2010-03-12,1611.0
2010-03-19,1611.0
2010-03-26,1611.0
2010-04-02,1611.0
2010-04-09,1611.0
2010-04-16,1700.0
2010-04-23,1700.0
2010-04-30,1700.0
2010-05-07,1700.0
2010-05-14,1751.0
2010-05-21,1751.0
2010-05-28,1751.0
2010-06-04,1751.0
2010-06-11,1751.0
2010-06-18,1992.0
2010-06-25,1992.0
2010-07-02,1992.0
2010-07-09,1992.0
2010-07-16,2087.0
2010-07-23,2087.0
2010-07-30,2087.0
2010-08-06,2087.0
2010-08-13,2030.0
2010-08-20,2030.0
2010-08-27,2030.0
2010-09-03,2030.0
2010-09-10,2156.0
2010-09-17,2156.0
2010-09-24,2156.0
2010-10-01,2156.0
2010-10-08,2156.0
2010-10-15,2153.0
2010-10-22,2153.0
2010-10-29,2153.0
2010-11-05,2153.0
2010-11-12,2087.0
2010-11-19,2087.0
2010-11-26,2087.0
2010-12-03,2087.0
2010-12-10,2219.0
2010-12-17,2219.0
2010-12-24,2219.0
2010-12-31,2219.0
2011-01-07,2219.0
2011-01-14,2208.0
2011-01-21,2208.0
2011-01-28,2208.0
2011-02-04,2208.0
2011-02-11,2135.0
2011-02-18,2135.0
2011-02-25,2135.0
2011-03-04,2135.0
2011-03-11,2293.0
2011-03-18,2293.0
2011-03-25,2293.0
2011-04-01,2293.0
2011-04-08,2293.0
2011-04-15,2188.0
2011-04-22,2188.0
2011-04-29,2188.0
2011-05-06,2188.0
2011-05-13,2157.0
2011-05-20,2157.0
2011-05-27,2157.0
2011-06-03,2157.0
2011-06-10,2418.0
2011-06-17,2418.0
2011-06-24,2418.0
2011-07-01,2418.0
2011-07-08,2418.0
2011-07-15,2274.0
2011-07-22,2274.0
2011-07-29,2274.0
2011-08-05,2274.0
2011-08-12,2381.0
2011-08-19,2381.0
2011-08-26,2381.0
2011-09-02,2381.0
2011-09-09,2381.0
2011-09-16,2479.0
2011-09-23,2479.0
2011-09-30,2479.0
2011-10-07,2479.0
2011-10-14,2741.0
2011-10-21,2741.0
2011-10-28,2741.0
2011-11-04,2741.0
2011-11-11,2757.0
2011-11-18,2858.0
2011-11-25,2858.0
2011-12-02,2858.0
2011-12-09,2844.0
2011-12-16,2844.0
2011-12-23,2844.0
2011-12-30,2844.0
2012-01-06,2844.0
2012-01-13,2884.0
2012-01-20,2884.0
2012-01-27,2884.0
2012-02-03,2884.0
2012-02-10,3059.0
2012-02-17,3119.0
2012-02-24,3119.0
2012-03-02,3119.0
2012-03-09,3119.0
2012-03-16,2696.0
2012-03-23,2696.0
2012-03-30,2696.0
2012-04-06,2696.0
2012-04-13,2687.0
2012-04-20,2687.0
2012-04-27,2687.0
2012-05-04,2687.0
2012-05-11,2852.0
2012-05-18,2852.0
2012-05-25,2852.0
2012-06-01,2852.0
2012-06-08,2896.0
2012-06-15,2896.0
2012-06-22,2896.0
2012-06-29,2896.0
2012-07-06,2896.0
2012-07-13,2896.0
2012-07-20,2806.0
2012-07-27,2806.0
2012-08-03,2806.0
2012-08-10,2826.0
2012-08-17,2826.0
2012-08-24,2826.0
2012-08-31,2826.0
2012-09-07,2826.0
2012-09-14,2872.0
2012-09-21,2872.0
2012-09-28,2872.0
2012-10-05,2872.0
2012-10-12,2737.0
2012-10-19,2737.0
2012-10-26,2737.0
2012-11-02,2737.0
2012-11-09,2777.0
2012-11-16,2777.0
2012-11-23,2777.0
2012-11-30,2777.0
2012-12-07,2777.0
2012-12-14,2901.0
2012-12-21,2901.0
2012-12-28,2901.0
2013-01-04,2901.0
2013-01-11,2901.0
2013-01-18,3047.0
2013-01-25,3047.0
2013-02-01,3047.0
2013-02-08,3047.0
2013-02-15,3047.0
2013-02-22,3239.0
2013-03-01,3239.0
2013-03-08,3239.0
2013-03-15,2849.0
2013-03-22,2849.0
2013-03-29,2849.0
2013-04-05,2849.0
2013-04-12,2849.0
2013-04-19,2846.0
2013-04-26,2846.0
2013-05-03,2846.0
2013-05-10,2846.0
2013-05-17,2682.0
2013-05-24,2682.0
2013-05-31,2682.0
2013-06-07,2682.0
2013-06-14,2682.0
2013-06-21,2807.0
2013-06-28,2807.0
2013-07-05,2807.0
2013-07-12,2807.0
2013-07-19,2903.0
2013-07-26,2903.0
2013-08-02,2903.0
2013-08-09,2903.0
2013-08-16,3190.0
2013-08-23,3190.0
2013-08-30,3190.0
2013-09-06,3190.0
2013-09-13,3190.0
2013-09-20,3372.0
2013-09-27,3372.0
2013-10-04,3372.0
2013-10-11,3372.0
2013-10-18,3372.0
2013-10-25,3323.0
2013-11-01,3323.0
2013-11-08,3323.0
2013-11-15,3323.0
2013-11-22,3386.0
2013-11-29,3386.0
2013-12-06,3386.0
2013-12-13,3386.0
2013-12-20,3583.0
2013-12-27,3583.0
2014-01-03,3583.0
2014-01-10,3583.0
2014-01-17,3583.0
2014-01-24,3661.0
2014-01-31,3661.0
2014-02-07,3661.0
2014-02-14,3661.0
2014-02-21,3749.0
2014-02-28,3749.0
2014-03-07,3749.0
2014-03-14,3749.0
2014-03-21,3749.0
2014-03-28,3542.0
2014-04-04,3542.0
2014-04-11,3542.0
2014-04-18,3542.0
2014-04-25,3004.0
2014-05-02,3004.0
2014-05-09,3004.0
2014-05-16,3004.0
2014-05-23,3079.0
2014-05-30,3079.0
2014-06-06,3079.0
2014-06-13,3079.0
2014-06-20,3119.0
2014-06-27,3119.0
2014-07-04,3119.0
2014-07-11,3119.0
2014-07-18,3119.0
2014-07-25,3512.0
2014-08-01,3512.0
2014-08-08,3512.0
2014-08-15,3512.0
2014-08-22,3336.0
2014-08-29,3336.0
2014-09-05,3336.0
2014-09-12,3336.0
2014-09-19,3336.0
2014-09-26,3554.0
2014-10-03,3554.0
2014-10-10,3554.0
2014-10-17,3554.0
2014-10-24,3607.0
2014-10-31,3607.0
2014-11-07,3607.0
2014-11-14,3607.0
2014-11-21,3404.0
2014-11-28,3404.0
2014-12-05,3404.0
2014-12-12,3404.0
2014-12-19,3371.0
2014-12-26,3371.0
2015-01-02,3371.0
2015-01-09,3371.0
2015-01-16,3371.0
2015-01-23,3590.0
2015-01-30,3590.0
2015-02-06,3590.0
2015-02-13,3590.0
2015-02-20,3949.0
2015-02-27,3949.0
2015-03-06,3949.0
2015-03-13,3949.0
2015-03-20,3757.0
2015-03-27,3757.0
2015-04-03,3757.0
2015-04-10,3757.0
2015-04-17,3757.0
2015-04-24,3516.0
2015-05-01,3516.0
2015-05-08,3516.0
2015-05-15,3516.0
2015-05-22,3353.0
2015-05-29,3353.0
2015-06-05,3353.0
2015-06-12,3353.0
2015-06-19,3741.0
2015-06-26,3741.0
2015-07-03,3741.0
2015-07-10,3741.0
2015-07-17,3741.0
2015-07-24,3741.0
2015-07-31,3884.0
2015-08-07,3884.0
2015-08-14,3884.0
2015-08-21,3695.0
2015-08-28,3695.0
2015-09-04,3695.0
2015-09-11,3695.0
2015-09-18,3695.0
2015-09-25,4035.0
2015-10-02,4035.0
2015-10-09,4035.0
2015-10-16,4035.0
2015-10-23,3693.0
2015-10-30,3693.0
2015-11-06,3693.0
2015-11-13,3693.0
2015-11-20,4153.0
2015-11-27,4153.0
2015-12-04,4153.0
2015-12-11,4153.0
2015-12-18,3843.0
2015-12-25,3843.0
2016-01-01,3843.0
2016-01-08,3843.0
2016-01-15,3843.0
2016-01-22,3965.0
2016-01-29,3965.0
2016-02-05,3965.0
2016-02-12,3965.0
2016-02-19,3965.0
2016-02-26,4385.0
2016-03-04,4385.0
2016-03-11,4385.0
2016-03-18,4385.0
2016-03-25,4385.0
2016-04-01,3684.0
2016-04-08,3684.0
2016-04-15,3684.0
2016-04-22,3608.0
2016-04-29,3608.0
2016-05-06,3608.0
2016-05-13,3608.0
2016-05-20,3608.0
2016-05-27,3729.0
2016-06-03,3729.0
2016-06-10,3729.0
2016-06-17,3729.0
2016-06-24,3894.0
2016-07-01,3894.0
2016-07-08,3894.0
2016-07-15,3894.0
2016-07-22,3901.0
2016-07-29,3901.0
2016-08-05,3901.0
2016-08-12,3901.0
2016-08-19,3901.0
2016-08-26,4278.0
2016-09-02,3565.0
2016-09-09,3785.0
2016-09-16,5148.0
2016-09-23,4957.0
2016-09-30,4850.0
2016-10-07,4130.0
2016-10-14,3507.0
2016-10-21,4185.0
2016-10-28,4194.0
2016-11-04,4480.0
2016-11-11,4758.0
2016-11-18,4343.0
2016-11-25,4608.0
2016-12-02,4767.0
2016-12-09,5259.0
2016-12-16,4874.0
2016-12-23,5867.0
2016-12-30,4986.0
2017-01-06,5219.0
2017-01-13,4610.0
2017-01-20,4941.0
2017-01-27,4740.0
2017-02-03,5381.0
2017-02-10,4507.0
2017-02-17,4687.0
2017-02-24,4614.0
2017-03-03,5327.0
2017-03-10,4968.0
2017-03-17,4784.0
2017-03-24,5200.0
2017-03-31,4735.0
2017-04-07,4344.0
2017-04-14,5302.0
2017-04-21,4827.0
2017-04-28,4737.0
2017-05-05,4582.0
2017-05-12,4919.0
2017-05-19,4642.0
2017-05-26,4930.0
2017-06-02,4560.0
2017-06-09,4448.0
2017-06-16,4380.0
2017-06-23,5071.0
2017-06-30,4348.0
2017-07-07,4702.0
2017-07-14,4809.0
2017-07-21,4510.0
2017-07-28,4377.0
2017-08-04,4183.0
2017-08-11,4756.0
2017-08-18,4403.0
2017-08-25,4509.0
2017-09-01,2027.0
2017-09-08,2961.0
2017-09-15,4489.0
2017-09-22,4594.0
2017-09-29,5039.0
2017-10-06,4675.0
2017-10-13,5048.0
2017-10-20,5739.0
2017-10-27,5545.0
2017-11-03,4985.0
2017-11-10,5013.0
2017-11-17,5421.0
2017-11-24,5916.0
2017-12-01,5041.0
2017-12-08,4546.0
2017-12-15,5695.0
2017-12-22,5587.0
2017-12-29,4470.0
2018-01-05,5130.0
2018-01-12,5107.0
2018-01-19,4802.0
2018-01-26,4884.0
2018-02-02,4435.0
2018-02-09,4952.0
2018-02-16,4708.0
2018-02-23,4224.0
2018-03-02,4905.0
2018-03-09,5162.0
2018-03-16,4993.0
2018-03-23,4913.0
2018-03-30,4744.0
2018-04-06,5024.0
2018-04-13,4976.0
2018-04-20,6001.0
2018-04-27,5010.0
2018-05-04,4815.0
2018-05-11,4639.0
2018-05-18,5133.0
2018-05-25,4643.0
2018-06-01,5317.0
2018-06-08,4682.0
2018-06-15,5223.0
2018-06-22,5544.0
2018-06-29,5140.0
2018-07-06,5627.0
2018-07-13,4742.0
2018-07-20,5368.0
2018-07-27,5028.0
2018-08-03,5202.0
2018-08-10,5277.0
2018-08-17,5373.0
2018-08-24,4847.0
2018-08-31,4061.0
2018-09-07,4860.0
2018-09-14,5223.0
2018-09-21,5197.0
2018-09-28,5675.0
2018-10-05,4899.0
2018-10-12,5772.0
2018-10-19,5348.0
2018-10-26,5354.0
2018-11-02,4932.0
2018-11-09,4405.0
2018-11-16,5202.0
2018-11-23,6272.0
2018-11-30,5846.0
2018-12-07,5540.0
2018-12-14,5452.0
2018-12-21,5887.0
2018-12-28,5379.0
2019-01-04,4872.0
2019-01-11,4719.0
2019-01-18,4919.0
2019-01-25,5054.0
2019-02-01,5152.0
2019-02-08,5177.0
2019-02-15,4723.0
2019-02-22,4805.0
2019-03-01,5469.0
2019-03-08,5239.0
2019-03-15,4197.0
2019-03-22,5198.0
2019-03-29,4871.0
2019-04-05,5196.0
2019-04-12,5315.0
2019-04-19,5549.0
2019-04-26,5156.0
2019-05-03,5226.0
2019-05-10,5215.0
2019-05-17,5145.0
2019-05-24,5246.0
2019-05-31,5046.0
2019-06-07,4730.0
2019-06-14,5409.0
2019-06-21,5607.0
2019-06-28,4935.0
2019-07-05,5289.0
2019-07-12,4524.0
2019-07-19,4702.0
2019-07-26,5827.0
2019-08-02,5054.0
2019-08-09,5053.0
2019-08-16,5285.0
2019-08-23,5313.0
2019-08-30,5323.0
2019-09-06,4626.0
2019-09-13,5550.0
2019-09-20,5112.0
2019-09-27,4921.0
2019-10-04,5219.0
2019-10-11,4985.0
2019-10-18,4936.0
2019-10-25,5101.0
2019-11-01,4653.0
2019-11-08,5094.0
2019-11-15,5384.0
2019-11-22,5205.0
2019-11-29,5278.0
2019-12-06,5537.0
2019-12-13,4969.0
2019-12-20,5729.0
2019-12-27,5672.0
2020-01-03,5169.0
2020-01-10,4815.0
2020-01-17,5372.0
2020-01-24,5851.0
2020-01-31,5740.0
2020-02-07,5358.0
2020-02-14,5726.0
2020-02-21,5540.0
2020-02-28,5577.0
2020-03-06,5640.0
2020-03-13,5469.0
2020-03-20,5629.0
2020-03-27,5296.0
2020-04-03,5529.0
2020-04-10,6347.0
2020-04-17,5138.0
2020-04-24,5374.0
2020-05-01,4328.0
2020-05-08,3934.0
2020-05-15,3680.0
2020-05-22,4347.0
2020-05-29,4426.0
2020-06-05,4618.0
2020-06-12,4353.0
2020-06-19,4629.0
2020-06-26,4744.0
2020-07-03,5217.0
2020-07-10,4832.0
2020-07-17,4900.0
2020-07-24,4079.0
2020-07-31,5259.0
2020-08-07,4662.0
2020-08-14,5653.0
2020-08-21,4519.0
2020-08-28,5069.0
2020-09-04,4242.0
2020-09-11,4415.0
2020-09-18,4973.0
2020-09-25,5140.0
2020-10-02,5240.0
2020-10-09,5390.0
2020-10-16,4992.0
2020-10-23,4622.0
2020-10-30,5303.0
2020-11-06,4801.0
2020-11-13,5070.0
2020-11-20,4555.0
2020-11-27,5263.0
2020-12-04,4754.0
2020-12-11,4938.0
2020-12-18,5714.0
2020-12-25,5656.0
2021-01-01,4867.0
2021-01-08,5129.0
2021-01-15,5404.0
2021-01-22,4859.0
2021-01-29,5419.0
2021-02-05,4856.0
2021-02-12,4702.0
2021-02-19,4431.0
2021-02-26,3993.0
2021-03-05,4237.0
2021-03-12,4327.0
2021-03-19,5222.0
2021-03-26,4254.0
2021-04-02,4745.0
2021-04-09,5061.0
2021-04-16,5467.0
2021-04-23,4867.0
2021-04-30,5104.0
2021-05-07,6058.0
2021-05-14,5407.0
2021-05-21,5503.0
2021-05-28,4634.0
2021-06-04,5537.0
2021-06-11,5746.0
2021-06-18,5482.0
2021-06-25,4994.0
2021-07-02,5200.0
2021-07-09,5595.0
2021-07-16,5522.0
2021-07-23,5655.0
2021-07-30,5425.0
2021-08-06,6432.0
2021-08-13,4998.0
2021-08-20,5127.0
2021-08-27,4906.0
2021-09-03,5783.0
2021-09-10,4493.0
2021-09-17,4287.0
2021-09-24,4548.0
2021-10-01,4841.0
2021-10-08,5498.0
2021-10-15,4265.0
2021-10-22,5110.0
2021-10-29,5336.0
2021-11-05,6196.0
2021-11-12,5143.0
2021-11-19,4891.0
2021-11-26,4807.0
2021-12-03,5263.0
2021-12-10,4356.0
2021-12-17,5887.0
2021-12-24,5556.0
2021-12-31,4061.0
2022-01-07,4665.0
2022-01-14,3801.0
2022-01-21,3933.0
2022-01-28,4344.0
2022-02-04,4353.0
2022-02-11,4308.0
2022-02-18,4774.0
2022-02-25,5169.0
2022-03-04,5744.0
2022-03-11,6369.0
2022-03-18,5685.0
2022-03-25,5610.0
2022-04-01,5938.0
2022-04-08,6807.0
2022-04-15,6330.0
2022-04-22,6060.0
2022-04-29,5884.0
2022-05-06,5908.0
2022-05-13,6044.0
2022-05-20,6235.0
2022-05-27,6387.0
2022-06-03,5874.0
2022-06-10,6046.0
2022-06-17,6136.0
2022-06-24,6111.0
2022-07-01,6961.0
2022-07-08,5827.0
2022-07-15,5601.0
2022-07-22,6320.0
2022-07-29,6446.0
2022-08-05,6439.0
2022-08-12,5709.0
2022-08-19,6899.0
2022-08-26,5975.0
2022-09-02,6369.0
2022-09-09,6301.0
2022-09-16,6656.0
2022-09-23,6338.0
2022-09-30,6061.0
2022-10-07,7056.0
2022-10-14,5330.0
2022-10-21,6297.0
2022-10-28,5537.0
2022-11-04,6171.0
2022-11-11,6025.0
2022-11-18,5685.0
2022-11-25,6828.0
2022-12-02,6295.0
2022-12-09,6508.0
2022-12-16,6344.0
2022-12-23,5756.0
2022-12-30,6347.0
2023-01-06,6603.0
2023-01-13,6317.0
2023-01-20,5787.0
2023-01-27,5778.0
2023-02-03,6262.0
2023-02-10,6060.0
2023-02-17,5992.0
2023-02-24,5499.0
2023-03-03,6010.0
2023-03-10,6203.0
2023-03-17,7012.0
2023-03-24,6038.0
2023-03-31,5930.0
2023-04-07,5944.0
2023-04-14,6513.0
2023-04-21,5697.0
2023-04-28,5920.0
2023-05-05,6361.0
2023-05-12,6496.0
2023-05-19,5551.0
2023-05-26,6279.0
2023-06-02,6177.0
2023-06-09,6391.0
